{
  "shared": {
    "zero://145.239.95.38:15441": {
      "latency": 0.2995157241821289,
      "my": false,
      "num_error": 0,
      "time_added": 1647180664.047804,
      "time_found": 1647180792.8416705,
      "time_success": 1647580622.9719818
    },
    "zero://149.248.37.249:23141": {
      "latency": 0.11813664436340332,
      "my": false,
      "num_error": 0,
      "time_added": 1647180664.246351,
      "time_found": 1647180792.7864077,
      "time_success": 1647580652.7934856
    },
    "zero://159.65.50.3:26117": {
      "latency": 0.3220944404602051,
      "my": false,
      "num_error": 0,
      "time_added": 1647180664.1074758,
      "time_error": 1647258642.1541965,
      "time_found": 1647180792.8416717,
      "time_success": 1647580584.9371283
    },
    "zero://188.116.183.41:26552": {
      "latency": 2.649665594100952,
      "my": false,
      "num_error": 0,
      "time_added": 1647180792.786409,
      "time_found": 1647180792.8416727,
      "time_success": 1647580587.2649045
    },
    "zero://23.184.48.134:15441": {
      "latency": 0.24389410018920898,
      "my": false,
      "num_error": 0,
      "time_added": 1647180792.2820547,
      "time_found": 1647180792.8416736,
      "time_success": 1647580584.859355
    },
    "zero://45.77.23.92:15555": {
      "latency": 0.0662221908569336,
      "my": false,
      "num_error": 0,
      "time_added": 1647180664.3974254,
      "time_found": 1647180792.8416748,
      "time_success": 1647580584.6818776
    },
    "zero://95.110.227.231:15441": {
      "latency": 2.5221550464630127,
      "my": false,
      "num_error": 0,
      "time_added": 1647180792.8416755,
      "time_found": 1647180792.8417702,
      "time_success": 1647580587.1379986
    }
  }
}